{
  "overall": {
    "count": 60000.0,
    "f1_mean": 0.26679690476190476,
    "f1_std": 0.27393297846157955,
    "f1_p50": 0.3333333333333333,
    "f1_p90": 0.7142857142857143,
    "exact_match_rate": 0.002916666666666667,
    "struct_mean": 0.26694893578643586,
    "sem_sim_mean": 0.8648899973601103,
    "sem_sim_p50": 0.874606192111969,
    "sem_sim_p90": 0.9750005900859833,
    "match_full_name_rate": 0.0207,
    "match_address_rate": 0.1324,
    "match_phone_rate": 0.5873,
    "match_birthDate_rate": 0.0,
    "match_gender_rate": 0.96,
    "match_communication_rate": 0.0,
    "match_marital_status_rate": 0.52195,
    "phone_last4_hit_rate": 0.2936166666666667,
    "zipcode_hit_rate": 0.0019166666666666666,
    "birth_year_hit_rate": 0.0,
    "honey_hit_strict_rate": 0.02565,
    "honey_hit_loose_rate": 0.012766666666666667
  },
  "by_split": {
    "test": {
      "count": 12000.0,
      "f1_mean": 0.26295873015873017,
      "f1_std": 0.2735637048333839,
      "f1_p50": 0.3333333333333333,
      "f1_p90": 0.7142857142857143,
      "exact_match_rate": 0.0020833333333333333,
      "struct_mean": 0.26302958152958156,
      "sem_sim_mean": 0.8635860311140616,
      "sem_sim_p50": 0.8739902973175049,
      "sem_sim_p90": 0.9746496021747589,
      "match_full_name_rate": 0.019444906099385074,
      "match_address_rate": 0.12996509888648827,
      "match_phone_rate": 0.5798570716303806,
      "match_birthDate_rate": 0.0,
      "match_gender_rate": 0.9550277918140475,
      "match_communication_rate": 0.0,
      "match_marital_status_rate": 0.5129024330302285,
      "phone_last4_hit_rate": 0.29075,
      "zipcode_hit_rate": 0.0015833333333333333,
      "birth_year_hit_rate": 0.0,
      "honey_hit_strict_rate": 0.02625,
      "honey_hit_loose_rate": 0.010833333333333334
    },
    "train": {
      "count": 48000.0,
      "f1_mean": 0.2677564484126984,
      "f1_std": 0.27401681899184516,
      "f1_p50": 0.3333333333333333,
      "f1_p90": 0.7142857142857143,
      "exact_match_rate": 0.003125,
      "struct_mean": 0.2679287743506494,
      "sem_sim_mean": 0.8652159889216224,
      "sem_sim_p50": 0.874606192111969,
      "sem_sim_p90": 0.9751139342784881,
      "match_full_name_rate": 0.02101488554392695,
      "match_address_rate": 0.13301088270858524,
      "match_phone_rate": 0.5891673268565234,
      "match_birthDate_rate": 0.0,
      "match_gender_rate": 0.9612267797032789,
      "match_communication_rate": 0.0,
      "match_marital_status_rate": 0.524260875023539,
      "phone_last4_hit_rate": 0.29433333333333334,
      "zipcode_hit_rate": 0.002,
      "birth_year_hit_rate": 0.0,
      "honey_hit_strict_rate": 0.0255,
      "honey_hit_loose_rate": 0.01325
    }
  },
  "by_is_honeytrap": {
    "False": {
      "count": 57000.0,
      "f1_mean": 0.2678273600668337,
      "f1_std": 0.2725838122595251,
      "f1_p50": 0.3333333333333333,
      "f1_p90": 0.7142857142857143,
      "exact_match_rate": 0.002070175438596491,
      "struct_mean": 0.26793037518037527,
      "sem_sim_mean": 0.8672168748263727,
      "sem_sim_p50": 0.87522953748703,
      "sem_sim_p90": 0.9745749533176422,
      "match_full_name_rate": 0.010070175438596491,
      "match_address_rate": 0.13603508771929826,
      "match_phone_rate": 0.597719298245614,
      "match_birthDate_rate": 0.0,
      "match_gender_rate": 0.9652631578947368,
      "match_communication_rate": 0.0,
      "match_marital_status_rate": 0.5267894736842105,
      "phone_last4_hit_rate": 0.29882456140350877,
      "zipcode_hit_rate": 0.0,
      "birth_year_hit_rate": 0.0,
      "honey_hit_strict_rate": 0.0,
      "honey_hit_loose_rate": 0.0
    },
    "True": {
      "count": 3000.0,
      "f1_mean": 0.24721825396825395,
      "f1_std": 0.29773356524313144,
      "f1_p50": 0.0,
      "f1_p90": 0.7142857142857143,
      "exact_match_rate": 0.019,
      "struct_mean": 0.2483015873015873,
      "sem_sim_mean": 0.8206793255011241,
      "sem_sim_p50": 0.8643097579479218,
      "sem_sim_p90": 0.9814517855644226,
      "match_full_name_rate": 0.22266666666666668,
      "match_address_rate": 0.06333333333333334,
      "match_phone_rate": 0.3893333333333333,
      "match_birthDate_rate": 0.0,
      "match_gender_rate": 0.86,
      "match_communication_rate": 0.0,
      "match_marital_status_rate": 0.43,
      "phone_last4_hit_rate": 0.19466666666666665,
      "zipcode_hit_rate": 0.03833333333333333,
      "birth_year_hit_rate": 0.0,
      "honey_hit_strict_rate": 0.513,
      "honey_hit_loose_rate": 0.25533333333333336
    }
  },
  "by_split_is_honeytrap": {
    "test": {
      "False": {
        "count": 11401.0,
        "f1_mean": 0.2648727555226985,
        "f1_std": 0.27207379274546484,
        "f1_p50": 0.3333333333333333,
        "f1_p90": 0.7142857142857143,
        "exact_match_rate": 0.0011402508551881414,
        "struct_mean": 0.2648815456683188,
        "sem_sim_mean": 0.8668052193188122,
        "sem_sim_p50": 0.874606192111969,
        "sem_sim_p90": 0.9744353890419006,
        "match_full_name_rate": 0.009608665269042627,
        "match_address_rate": 0.13382250174703006,
        "match_phone_rate": 0.5920684835779175,
        "match_birthDate_rate": 0.0,
        "match_gender_rate": 0.9601487778958555,
        "match_communication_rate": 0.0,
        "match_marital_status_rate": 0.5181065700982929,
        "phone_last4_hit_rate": 0.29725462678712394,
        "zipcode_hit_rate": 0.0,
        "birth_year_hit_rate": 0.0,
        "honey_hit_strict_rate": 0.0,
        "honey_hit_loose_rate": 0.0
      },
      "True": {
        "count": 599.0,
        "f1_mean": 0.226528340885603,
        "f1_std": 0.29818354825289095,
        "f1_p50": 0.0,
        "f1_p90": 0.7142857142857143,
        "exact_match_rate": 0.02003338898163606,
        "struct_mean": 0.22778042769695528,
        "sem_sim_mean": 0.8023139698079512,
        "sem_sim_p50": 0.8593248724937439,
        "sem_sim_p90": 0.9795751810073853,
        "match_full_name_rate": 0.21160409556313994,
        "match_address_rate": 0.05460750853242321,
        "match_phone_rate": 0.3412969283276451,
        "match_birthDate_rate": 0.0,
        "match_gender_rate": 0.8556701030927835,
        "match_communication_rate": 0.0,
        "match_marital_status_rate": 0.41379310344827586,
        "phone_last4_hit_rate": 0.1669449081803005,
        "zipcode_hit_rate": 0.03171953255425709,
        "birth_year_hit_rate": 0.0,
        "honey_hit_strict_rate": 0.5258764607679466,
        "honey_hit_loose_rate": 0.21702838063439064
      }
    },
    "train": {
      "False": {
        "count": 45599.0,
        "f1_mean": 0.2685660921970928,
        "f1_std": 0.27270617968087973,
        "f1_p50": 0.3333333333333333,
        "f1_p90": 0.7142857142857143,
        "exact_match_rate": 0.002302682076361324,
        "struct_mean": 0.26869266613559256,
        "sem_sim_mean": 0.8673197999879266,
        "sem_sim_p50": 0.8755514025688171,
        "sem_sim_p90": 0.9746443152427674,
        "match_full_name_rate": 0.010186160871092378,
        "match_address_rate": 0.13659114857744994,
        "match_phone_rate": 0.5991394450298559,
        "match_birthDate_rate": 0.0,
        "match_gender_rate": 0.9665266474140194,
        "match_communication_rate": 0.0,
        "match_marital_status_rate": 0.5290075327078102,
        "phone_last4_hit_rate": 0.29921708809403713,
        "zipcode_hit_rate": 0.0,
        "birth_year_hit_rate": 0.0,
        "honey_hit_strict_rate": 0.0,
        "honey_hit_loose_rate": 0.0
      },
      "True": {
        "count": 2401.0,
        "f1_mean": 0.25237996073064795,
        "f1_std": 0.29739693820207697,
        "f1_p50": 0.14285714285714285,
        "f1_p90": 0.7142857142857143,
        "exact_match_rate": 0.018742190753852563,
        "struct_mean": 0.25342119355030646,
        "sem_sim_mean": 0.825261103118871,
        "sem_sim_p50": 0.8650369644165039,
        "sem_sim_p90": 0.9817015528678894,
        "match_full_name_rate": 0.22535211267605634,