{
  "all": {
    "top1": 0.8573857385738574,
    "top3": 0.9316931693169317,
    "top5": 0.957995799579958,
    "top10": 0.9683968396839684,
    "mrr": 0.8971511938049017,
    "n": 9999
  },
  "ht": {
    "top1": 0.646,
    "top3": 0.748,
    "top5": 0.762,
    "top10": 0.77,
    "mrr": 0.6971592208047649,
    "n": 500
  },
  "non_ht": {
    "top1": 0.8685124749973682,
    "top3": 0.9413622486577534,
    "top5": 0.9683124539425203,
    "top10": 0.9788398778818823,
    "mrr": 0.9076781952261106,
    "n": 9499
  }
}