{
  "overall": {
    "count": 60000.0,
    "f1_mean": 0.623129153681286,
    "f1_std": 0.3905160904300857,
    "f1_p50": 0.6666666666666666,
    "f1_p90": 1.0,
    "exact_match_rate": 0.42793333333333333,
    "struct_mean": 0.6206147276334777,
    "sem_sim_mean": 0.8932924940407276,
    "sem_sim_p50": 0.9751834571361542,
    "sem_sim_p90": 1.0000001192092896,
    "match_full_name_rate": 0.15043333333333334,
    "match_address_rate": 0.43393333333333334,
    "match_phone_rate": 0.3224,
    "match_birthDate_rate": 0.0,
    "match_gender_rate": 0.6363,
    "match_communication_rate": 0.0,
    "match_marital_status_rate": 0.50765,
    "phone_last4_hit_rate": 0.1612,
    "zipcode_hit_rate": 0.00815,
    "birth_year_hit_rate": 0.0,
    "honey_hit_strict_rate": 0.027716666666666667,
    "honey_hit_loose_rate": 0.01475
  },
  "by_split": {
    "test": {
      "count": 12000.0,
      "f1_mean": 0.6195271237885208,
      "f1_std": 0.3916071381380959,
      "f1_p50": 0.6666666666666666,
      "f1_p90": 1.0,
      "exact_match_rate": 0.424,
      "struct_mean": 0.6171012806637807,
      "sem_sim_mean": 0.8915214499533176,
      "sem_sim_p50": 0.9715760350227356,
      "sem_sim_p90": 1.0000001192092896,
      "match_full_name_rate": 0.1417649991690211,
      "match_address_rate": 0.4311118497590161,
      "match_phone_rate": 0.31676915406348677,
      "match_birthDate_rate": 0.0,
      "match_gender_rate": 0.6225366346639717,
      "match_communication_rate": 0.0,
      "match_marital_status_rate": 0.4956991889899238,
      "phone_last4_hit_rate": 0.15883333333333333,
      "zipcode_hit_rate": 0.008583333333333333,
      "birth_year_hit_rate": 0.0,
      "honey_hit_strict_rate": 0.027583333333333335,
      "honey_hit_loose_rate": 0.014583333333333334
    },
    "train": {
      "count": 48000.0,
      "f1_mean": 0.6240296611544773,
      "f1_std": 0.39023765691854345,
      "f1_p50": 0.6666666666666666,
      "f1_p90": 1.0,
      "exact_match_rate": 0.42891666666666667,
      "struct_mean": 0.621493089375902,
      "sem_sim_mean": 0.8937352550625801,
      "sem_sim_p50": 0.9759578704833984,
      "sem_sim_p90": 1.0000001192092896,
      "match_full_name_rate": 0.15260809740232664,
      "match_address_rate": 0.43464120418629865,
      "match_phone_rate": 0.3238127006629696,
      "match_birthDate_rate": 0.0,
      "match_gender_rate": 0.6396957985288617,
      "match_communication_rate": 0.0,
      "match_marital_status_rate": 0.5107024041177578,
      "phone_last4_hit_rate": 0.16179166666666667,
      "zipcode_hit_rate": 0.008041666666666667,
      "birth_year_hit_rate": 0.0,
      "honey_hit_strict_rate": 0.02775,
      "honey_hit_loose_rate": 0.014791666666666667
    }
  },
  "by_is_honeytrap": {
    "False": {
      "count": 57000.0,
      "f1_mean": 0.6273846325873416,
      "f1_std": 0.38965722862299246,
      "f1_p50": 0.6666666666666666,
      "f1_p90": 1.0,
      "exact_match_rate": 0.43319298245614035,
      "struct_mean": 0.6247425096832993,
      "sem_sim_mean": 0.8955357263422848,
      "sem_sim_p50": 0.9764676690101624,
      "sem_sim_p90": 1.0000001192092896,
      "match_full_name_rate": 0.15263157894736842,
      "match_address_rate": 0.4453684210526316,
      "match_phone_rate": 0.3290175438596491,
      "match_birthDate_rate": 0.0,
      "match_gender_rate": 0.6351578947368421,
      "match_communication_rate": 0.0,
      "match_marital_status_rate": 0.5091578947368421,
      "phone_last4_hit_rate": 0.16450877192982455,
      "zipcode_hit_rate": 0.0,
      "birth_year_hit_rate": 0.0,
      "honey_hit_strict_rate": 0.0,
      "honey_hit_loose_rate": 0.0
    },
    "True": {
      "count": 3000.0,
      "f1_mean": 0.5422750544662309,
      "f1_std": 0.39793531996739395,
      "f1_p50": 0.6666666666666666,
      "f1_p90": 1.0,
      "exact_match_rate": 0.328,
      "struct_mean": 0.5421868686868687,
      "sem_sim_mean": 0.8506710803111395,
      "sem_sim_p50": 0.9342774152755737,
      "sem_sim_p90": 1.0000001192092896,
      "match_full_name_rate": 0.10866666666666666,
      "match_address_rate": 0.21666666666666667,
      "match_phone_rate": 0.19666666666666666,
      "match_birthDate_rate": 0.0,
      "match_gender_rate": 0.658,
      "match_communication_rate": 0.0,
      "match_marital_status_rate": 0.479,
      "phone_last4_hit_rate": 0.09833333333333333,
      "zipcode_hit_rate": 0.163,
      "birth_year_hit_rate": 0.0,
      "honey_hit_strict_rate": 0.5543333333333333,
      "honey_hit_loose_rate": 0.295
    }
  },
  "by_split_is_honeytrap": {
    "test": {
      "False": {
        "count": 11401.0,
        "f1_mean": 0.6233994655021964,
        "f1_std": 0.3909961296013224,
        "f1_p50": 0.6666666666666666,
        "f1_p90": 1.0,
        "exact_match_rate": 0.4290851679677221,
        "struct_mean": 0.6208551995325086,
        "sem_sim_mean": 0.8935882045285617,
        "sem_sim_p50": 0.9748203754425049,
        "sem_sim_p90": 1.0000001192092896,
        "match_full_name_rate": 0.14465408805031446,
        "match_address_rate": 0.4426974143955276,
        "match_phone_rate": 0.32302585604472395,
        "match_birthDate_rate": 0.0,
        "match_gender_rate": 0.6200850159404888,
        "match_communication_rate": 0.0,
        "match_marital_status_rate": 0.4968960165545784,
        "phone_last4_hit_rate": 0.1621787562494518,
        "zipcode_hit_rate": 0.0,
        "birth_year_hit_rate": 0.0,
        "honey_hit_strict_rate": 0.0,
        "honey_hit_loose_rate": 0.0
      },
      "True": {
        "count": 599.0,
        "f1_mean": 0.5458233376823184,
        "f1_std": 0.3959038146238029,
        "f1_p50": 0.6666666666666666,
        "f1_p90": 1.0,
        "exact_match_rate": 0.327212020033389,
        "struct_mean": 0.5456514826297798,
        "sem_sim_mean": 0.8521841061931221,
        "sem_sim_p50": 0.9300268292427063,
        "sem_sim_p90": 1.0000001192092896,
        "match_full_name_rate": 0.08532423208191127,
        "match_address_rate": 0.20477815699658702,
        "match_phone_rate": 0.1945392491467577,
        "match_birthDate_rate": 0.0,
        "match_gender_rate": 0.6701030927835051,
        "match_communication_rate": 0.0,
        "match_marital_status_rate": 0.4729064039408867,
        "phone_last4_hit_rate": 0.09515859766277128,
        "zipcode_hit_rate": 0.17195325542570952,
        "birth_year_hit_rate": 0.0,
        "honey_hit_strict_rate": 0.5525876460767947,
        "honey_hit_loose_rate": 0.2921535893155259
      }
    },
    "train": {
      "False": {
        "count": 45599.0,
        "f1_mean": 0.6283810336035424,
        "f1_std": 0.3893153723396261,
        "f1_p50": 0.6666666666666666,
        "f1_p90": 1.0,
        "exact_match_rate": 0.4342200486852782,
        "struct_mean": 0.6257144437833708,
        "sem_sim_mean": 0.8960226601829011,
        "sem_sim_p50": 0.9765023589134216,
        "sem_sim_p90": 1.0000001192092896,
        "match_full_name_rate": 0.15463645943097998,
        "match_address_rate": 0.4460396909027046,
        "match_phone_rate": 0.3305233579206182,
        "match_birthDate_rate": 0.0,
        "match_gender_rate": 0.6388815962194802,
        "match_communication_rate": 0.0,
        "match_marital_status_rate": 0.5122902074798467,
        "phone_last4_hit_rate": 0.16509133972236234,
        "zipcode_hit_rate": 0.0,
        "birth_year_hit_rate": 0.0,
        "honey_hit_strict_rate": 0.0,
        "honey_hit_loose_rate": 0.0
      },
      "True": {
        "count": 2401.0,
        "f1_mean": 0.5413898309566781,
        "f1_std": 0.3984355992529653,
        "f1_p50": 0.6666666666666666,
        "f1_p90": 1.0,
        "exact_match_rate": 0.3281965847563515,
        "struct_mean": 0.5413225189360134,
        "sem_sim_mean": 0.8502936115467464,
        "sem_sim_p50": 0.9346146583557129,
        "sem_sim_p90": 1.0000001192092896,
        "match_full_name_rate": 0.11433305716652858,
        "match_address_rate": 0.2195526097763049,
        "match_phone_rate": 0.19718309859154928,