{
  "overall": {
    "count": 60000.0,
    "f1_mean": 0.5396110369674185,
    "f1_std": 0.42070448356994455,
    "f1_p50": 0.6666666666666666,
    "f1_p90": 1.0,
    "exact_match_rate": 0.3861833333333333,
    "struct_mean": 0.5341873111610612,
    "sem_sim_mean": 0.8657850951711337,
    "sem_sim_p50": 0.9242541790008545,
    "sem_sim_p90": 1.0000001192092896,
    "match_full_name_rate": 0.059333333333333335,
    "match_address_rate": 0.2257,
    "match_phone_rate": 0.2806666666666667,
    "match_birthDate_rate": 0.0,
    "match_gender_rate": 0.0646,
    "match_communication_rate": 0.0,
    "match_marital_status_rate": 0.2388,
    "phone_last4_hit_rate": 0.14033333333333334,
    "zipcode_hit_rate": 0.006466666666666667,
    "birth_year_hit_rate": 0.0,
    "honey_hit_strict_rate": 0.029266666666666667,
    "honey_hit_loose_rate": 0.010466666666666668
  },
  "by_split": {
    "test": {
      "count": 12000.0,
      "f1_mean": 0.539153983260891,
      "f1_std": 0.41979762313183894,
      "f1_p50": 0.6666666666666666,
      "f1_p90": 1.0,
      "exact_match_rate": 0.38433333333333336,
      "struct_mean": 0.5341358134920635,
      "sem_sim_mean": 0.8678195709163944,
      "sem_sim_p50": 0.9242541790008545,
      "sem_sim_p90": 1.0000001192092896,
      "match_full_name_rate": 0.05501080272561077,
      "match_address_rate": 0.22336712647498755,
      "match_phone_rate": 0.27887651653648,
      "match_birthDate_rate": 0.0,
      "match_gender_rate": 0.0717534108135422,
      "match_communication_rate": 0.0,
      "match_marital_status_rate": 0.25092160235930205,
      "phone_last4_hit_rate": 0.13983333333333334,
      "zipcode_hit_rate": 0.006083333333333333,
      "birth_year_hit_rate": 0.0,
      "honey_hit_strict_rate": 0.0295,
      "honey_hit_loose_rate": 0.0095
    },
    "train": {
      "count": 48000.0,
      "f1_mean": 0.5397253003940503,
      "f1_std": 0.4209308158621539,
      "f1_p50": 0.6666666666666666,
      "f1_p90": 1.0,
      "exact_match_rate": 0.38664583333333336,
      "struct_mean": 0.5342001855783106,
      "sem_sim_mean": 0.8652764762348185,
      "sem_sim_p50": 0.9242541790008545,
      "sem_sim_p90": 1.0000001192092896,
      "match_full_name_rate": 0.06041779593878998,
      "match_address_rate": 0.2262852854104991,
      "match_phone_rate": 0.281115790351499,
      "match_birthDate_rate": 0.0,
      "match_gender_rate": 0.06283505797282134,
      "match_communication_rate": 0.0,
      "match_marital_status_rate": 0.23570397338522378,
      "phone_last4_hit_rate": 0.14045833333333332,
      "zipcode_hit_rate": 0.0065625,
      "birth_year_hit_rate": 0.0,
      "honey_hit_strict_rate": 0.029208333333333333,
      "honey_hit_loose_rate": 0.010708333333333334
    }
  },
  "by_is_honeytrap": {
    "False": {
      "count": 57000.0,
      "f1_mean": 0.5396730088086736,
      "f1_std": 0.4208866655340325,
      "f1_p50": 0.6666666666666666,
      "f1_p90": 1.0,
      "exact_match_rate": 0.38810526315789473,
      "struct_mean": 0.5340572991336149,
      "sem_sim_mean": 0.8673413500310037,
      "sem_sim_p50": 0.9242541790008545,
      "sem_sim_p90": 1.0000001192092896,
      "match_full_name_rate": 0.05347368421052632,
      "match_address_rate": 0.224,
      "match_phone_rate": 0.2813684210526316,
      "match_birthDate_rate": 0.0,
      "match_gender_rate": 0.06231578947368421,
      "match_communication_rate": 0.0,
      "match_marital_status_rate": 0.23778947368421052,
      "phone_last4_hit_rate": 0.1406842105263158,
      "zipcode_hit_rate": 0.0,
      "birth_year_hit_rate": 0.0,
      "honey_hit_strict_rate": 0.0,
      "honey_hit_loose_rate": 0.0
    },
    "True": {
      "count": 3000.0,
      "f1_mean": 0.5384335719835719,
      "f1_std": 0.4172261632026932,
      "f1_p50": 0.6666666666666666,
      "f1_p90": 1.0,
      "exact_match_rate": 0.3496666666666667,
      "struct_mean": 0.5366575396825397,
      "sem_sim_mean": 0.8362162528336048,
      "sem_sim_p50": 0.9625416696071625,
      "sem_sim_p90": 1.0000001192092896,
      "match_full_name_rate": 0.17066666666666666,
      "match_address_rate": 0.258,
      "match_phone_rate": 0.2673333333333333,
      "match_birthDate_rate": 0.0,
      "match_gender_rate": 0.108,
      "match_communication_rate": 0.0,
      "match_marital_status_rate": 0.258,
      "phone_last4_hit_rate": 0.13366666666666666,
      "zipcode_hit_rate": 0.12933333333333333,
      "birth_year_hit_rate": 0.0,
      "honey_hit_strict_rate": 0.5853333333333334,
      "honey_hit_loose_rate": 0.20933333333333334
    }
  },
  "by_split_is_honeytrap": {
    "test": {
      "False": {
        "count": 11401.0,
        "f1_mean": 0.5390941789488316,
        "f1_std": 0.419814195670249,
        "f1_p50": 0.6666666666666666,
        "f1_p90": 1.0,
        "exact_match_rate": 0.385843347074818,
        "struct_mean": 0.5339025189937391,
        "sem_sim_mean": 0.8693495087090966,
        "sem_sim_p50": 0.9242541790008545,
        "sem_sim_p90": 1.0000001192092896,
        "match_full_name_rate": 0.04944095038434661,
        "match_address_rate": 0.22204751921733054,
        "match_phone_rate": 0.2800489168413697,
        "match_birthDate_rate": 0.0,
        "match_gender_rate": 0.06854410201912858,
        "match_communication_rate": 0.0,
        "match_marital_status_rate": 0.25219865494050697,
        "phone_last4_hit_rate": 0.14060170160512236,
        "zipcode_hit_rate": 0.0,
        "birth_year_hit_rate": 0.0,
        "honey_hit_strict_rate": 0.0,
        "honey_hit_loose_rate": 0.0
      },
      "True": {
        "count": 599.0,
        "f1_mean": 0.5402922619951,
        "f1_std": 0.4194804412133129,
        "f1_p50": 0.6666666666666666,
        "f1_p90": 1.0,
        "exact_match_rate": 0.3555926544240401,
        "struct_mean": 0.5385761984259481,
        "sem_sim_mean": 0.8386996697901883,
        "sem_sim_p50": 0.9599157571792603,
        "sem_sim_p90": 1.0000001192092896,
        "match_full_name_rate": 0.16382252559726962,
        "match_address_rate": 0.24914675767918087,
        "match_phone_rate": 0.25597269624573377,
        "match_birthDate_rate": 0.0,
        "match_gender_rate": 0.13402061855670103,
        "match_communication_rate": 0.0,
        "match_marital_status_rate": 0.22660098522167488,
        "phone_last4_hit_rate": 0.12520868113522537,
        "zipcode_hit_rate": 0.12186978297161936,
        "birth_year_hit_rate": 0.0,
        "honey_hit_strict_rate": 0.5909849749582637,
        "honey_hit_loose_rate": 0.19031719532554256
      }
    },
    "train": {
      "False": {
        "count": 45599.0,
        "f1_mean": 0.5398177321410287,
        "f1_std": 0.4211542612986698,
        "f1_p50": 0.6666666666666666,
        "f1_p90": 1.0,
        "exact_match_rate": 0.3886708041843023,
        "struct_mean": 0.5340959984115535,
        "sem_sim_mean": 0.8668392553120637,
        "sem_sim_p50": 0.9242541790008545,
        "sem_sim_p90": 1.0000001192092896,
        "match_full_name_rate": 0.05448717948717949,
        "match_address_rate": 0.2244906919564454,
        "match_phone_rate": 0.28170003512469266,
        "match_birthDate_rate": 0.0,
        "match_gender_rate": 0.060777106852192175,
        "match_communication_rate": 0.0,
        "match_marital_status_rate": 0.23410862957578962,
        "phone_last4_hit_rate": 0.14070484001842146,
        "zipcode_hit_rate": 0.0,
        "birth_year_hit_rate": 0.0,
        "honey_hit_strict_rate": 0.0,
        "honey_hit_loose_rate": 0.0
      },
      "True": {
        "count": 2401.0,
        "f1_mean": 0.5379698671452107,
        "f1_std": 0.4166605740898486,
        "f1_p50": 0.6666666666666666,
        "f1_p90": 1.0,
        "exact_match_rate": 0.34818825489379424,
        "struct_mean": 0.5361788738819143,
        "sem_sim_mean": 0.8355966915020789,
        "sem_sim_p50": 0.9633799195289612,
        "sem_sim_p90": 1.0000001192092896,
        "match_full_name_rate": 0.17232808616404308,
        "match_address_rate": 0.260149130074565,