{
  "all": {
    "top1": 0.5969,
    "top3": 0.7236,
    "top5": 0.7543,
    "top10": 0.789,
    "mrr": 0.6687572885818183,
    "n": 10000
  },
  "ht": {
    "top1": 0.388,
    "top3": 0.462,
    "top5": 0.466,
    "top10": 0.468,
    "mrr": 0.4256829845728837,
    "n": 500
  },
  "non_ht": {
    "top1": 0.6078947368421053,
    "top3": 0.7373684210526316,
    "top5": 0.7694736842105263,
    "top10": 0.8058947368421052,
    "mrr": 0.6815506730033415,
    "n": 9500
  }
}