{
  "all": {
    "top1": 0.7036518259129565,
    "top3": 0.79959979989995,
    "top5": 0.824512256128064,
    "top10": 0.8402201100550275,
    "mrr": 0.7562229437354164,
    "n": 9995
  },
  "ht": {
    "top1": 0.706,
    "top3": 0.706,
    "top5": 0.706,
    "top10": 0.706,
    "mrr": 0.7064687674798101,
    "n": 500
  },
  "non_ht": {
    "top1": 0.7035281727224855,
    "top3": 0.8045286993154291,
    "top5": 0.8307530279094261,
    "top10": 0.8472880463401791,
    "mrr": 0.7588429635487713,
    "n": 9495
  }
}